tree,M,range_type,low,high,range_count,male_count,avg_gpa,avg_height,range_time_ms
BTree,10,Small,202000000,202020000,2863,1449,3.29311,173.952,0.35525
BTree,10,Medium,202000000,202100000,14317,7215,3.27847,174.058,0.48725
BTree,10,Large,202000000,202300000,43016,21568,3.28314,174.034,0.913417
BStarTree,10,Small,202000000,202020000,2863,1449,3.29311,173.952,0.248417
BStarTree,10,Medium,202000000,202100000,14317,7215,3.27847,174.058,0.410042
BStarTree,10,Large,202000000,202300000,43016,21568,3.28314,174.034,0.808166
BPlusTree,10,Small,202000000,202020000,2863,1449,3.29311,173.952,0.063333
BPlusTree,10,Medium,202000000,202100000,14317,7215,3.27847,174.058,0.230083
BPlusTree,10,Large,202000000,202300000,43016,21568,3.28314,174.034,0.653125
