tree,M,range_type,low,high,range_count,male_count,avg_gpa,avg_height,range_time_ms
BTree,5,Small,202000000,202020000,2863,1449,3.29311,173.952,0.558875
BTree,5,Medium,202000000,202100000,14317,7215,3.27847,174.058,0.621292
BTree,5,Large,202000000,202300000,43016,21568,3.28314,174.034,0.9695
BStarTree,5,Small,202000000,202020000,2863,1449,3.29311,173.952,0.39175
BStarTree,5,Medium,202000000,202100000,14317,7215,3.27847,174.058,0.511583
BStarTree,5,Large,202000000,202300000,43016,21568,3.28314,174.034,0.869375
BPlusTree,5,Small,202000000,202020000,2863,1449,3.29311,173.952,0.063834
BPlusTree,5,Medium,202000000,202100000,14317,7215,3.27847,174.058,0.241792
BPlusTree,5,Large,202000000,202300000,43016,21568,3.28314,174.034,0.688459
