tree,M,insert_time_ms,search_mean_us,range_time_ms,delete_time_ms,splits,utilization,height,node_count,range_count,male_count,avg_gpa,avg_height
BTree,3,29.0083,0.174021,1.36092,0.463917,31365,0.635085,8,30862,14317,7215,3.27847,174.058
BStarTree,3,30.0945,0.164567,1.04937,0.493833,24733,0.792272,7,24740,14317,7215,3.27847,174.058
BPlusTree,3,33.9335,0.222887,0.646542,0.505375,38598,0.50793,9,38588,14317,7215,3.27847,174.058
