tree,M,insert_time_ms,search_mean_us,range_time_ms,delete_time_ms,splits,utilization,height,node_count,range_count,male_count,avg_gpa,avg_height
BTree,5,20.9807,0.121246,0.846417,0.319209,16591,0.659373,6,16514,14317,7215,3.27847,174.058
BStarTree,5,23.1388,0.118154,0.635542,0.501667,13620,0.79915,6,13626,14317,7215,3.27847,174.058
BPlusTree,5,21.7232,0.138096,0.422708,0.336375,18565,0.58637,7,18570,14317,7215,3.27847,174.058
